-- MySQL dump 10.13  Distrib 5.7.23, for Linux (x86_64)
--
-- Host: localhost    Database: KSAReDDB
-- ------------------------------------------------------
-- Server version	5.7.23-0ubuntu0.16.04.1

/*!40101 SET @OLD_CHARACTER_SET_CLIENT=@@CHARACTER_SET_CLIENT */;
/*!40101 SET @OLD_CHARACTER_SET_RESULTS=@@CHARACTER_SET_RESULTS */;
/*!40101 SET @OLD_COLLATION_CONNECTION=@@COLLATION_CONNECTION */;
/*!40101 SET NAMES utf8 */;
/*!40103 SET @OLD_TIME_ZONE=@@TIME_ZONE */;
/*!40103 SET TIME_ZONE='+00:00' */;
/*!40014 SET @OLD_UNIQUE_CHECKS=@@UNIQUE_CHECKS, UNIQUE_CHECKS=0 */;
/*!40014 SET @OLD_FOREIGN_KEY_CHECKS=@@FOREIGN_KEY_CHECKS, FOREIGN_KEY_CHECKS=0 */;
/*!40101 SET @OLD_SQL_MODE=@@SQL_MODE, SQL_MODE='NO_AUTO_VALUE_ON_ZERO' */;
/*!40111 SET @OLD_SQL_NOTES=@@SQL_NOTES, SQL_NOTES=0 */;

--
-- Table structure for table `account_table`
--

DROP TABLE IF EXISTS `account_table`;
/*!40101 SET @saved_cs_client     = @@character_set_client */;
/*!40101 SET character_set_client = utf8 */;
CREATE TABLE `account_table` (
  `account_id` int(11) NOT NULL AUTO_INCREMENT,
  `stu_id` char(6) NOT NULL,
  `password` text NOT NULL,
  `admin` varchar(5) DEFAULT NULL,
  PRIMARY KEY (`account_id`)
) ENGINE=InnoDB AUTO_INCREMENT=3195 DEFAULT CHARSET=utf8;
/*!40101 SET character_set_client = @saved_cs_client */;

--
-- Dumping data for table `account_table`
--

LOCK TABLES `account_table` WRITE;
/*!40000 ALTER TABLE `account_table` DISABLE KEYS */;
INSERT INTO `account_table` VALUES (1,'admin','jolnon2018','admin'),(2796,'16-001','16-001',NULL),(2797,'16-002','16-002',NULL),(2798,'16-003','16-003',NULL),(2799,'16-004','16-004',NULL),(2800,'16-005','16-005',NULL),(2801,'16-006','16-006',NULL),(2802,'16-007','16-007',NULL),(2803,'16-008','16-008',NULL),(2804,'16-009','16-009',NULL),(2805,'16-010','16-010',NULL),(2806,'16-011','16-011',NULL),(2807,'16-012','16-012',NULL),(2808,'16-013','16-013',NULL),(2809,'16-014','16-014',NULL),(2810,'16-015','16-015',NULL),(2811,'16-016','16-016',NULL),(2812,'16-017','16-017',NULL),(2813,'16-018','16-018',NULL),(2814,'16-019','16-019',NULL),(2815,'16-020','16-020',NULL),(2816,'16-021','16-021',NULL),(2817,'16-022','16-022',NULL),(2818,'16-023','16-023',NULL),(2819,'16-024','16-024',NULL),(2820,'16-025','16-025',NULL),(2821,'16-026','16-026',NULL),(2822,'16-027','16-027',NULL),(2823,'16-028','16-028',NULL),(2824,'16-029','16-029',NULL),(2825,'16-030','16-030',NULL),(2826,'16-031','16-031',NULL),(2827,'16-032','16-032',NULL),(2828,'16-033','16-033',NULL),(2829,'16-034','16-034',NULL),(2830,'16-035','16-035',NULL),(2831,'16-036','16-036',NULL),(2832,'16-037','16-037',NULL),(2833,'16-038','16-038',NULL),(2834,'16-039','16-039',NULL),(2835,'16-040','16-040',NULL),(2836,'16-041','16-041',NULL),(2837,'16-042','16-042',NULL),(2838,'16-043','16-043',NULL),(2839,'16-044','16-044',NULL),(2840,'16-045','16-045',NULL),(2841,'16-046','16-046',NULL),(2842,'16-047','16-047',NULL),(2843,'16-048','16-048',NULL),(2844,'16-049','16-049',NULL),(2845,'16-050','16-050',NULL),(2846,'16-051','16-051',NULL),(2847,'16-052','16-052',NULL),(2848,'16-053','16-053',NULL),(2849,'16-054','16-054',NULL),(2850,'16-055','16-055',NULL),(2851,'16-056','16-056',NULL),(2852,'16-057','16-057',NULL),(2853,'16-058','16-058',NULL),(2854,'16-059','16-059',NULL),(2855,'16-060','16-060',NULL),(2856,'16-061','16-061',NULL),(2857,'16-062','16-062',NULL),(2858,'16-063','16-063',NULL),(2859,'16-064','16-064',NULL),(2860,'16-065','16-065',NULL),(2861,'16-066','16-066',NULL),(2862,'16-067','16-067',NULL),(2863,'16-068','16-068',NULL),(2864,'16-069','16-069',NULL),(2865,'16-070','16-070',NULL),(2866,'16-071','16-071',NULL),(2867,'16-072','16-072',NULL),(2868,'16-073','16-073',NULL),(2869,'16-074','16-074',NULL),(2870,'16-075','16-075',NULL),(2871,'16-076','16-076',NULL),(2872,'16-077','jywj160917',NULL),(2873,'16-078','16-078',NULL),(2874,'16-079','16-079',NULL),(2875,'16-080','16-080',NULL),(2876,'16-081','16-081',NULL),(2877,'16-082','16-082',NULL),(2878,'16-083','16-083',NULL),(2879,'16-084','16-084',NULL),(2880,'16-085','16-085',NULL),(2881,'16-086','16-086',NULL),(2882,'16-087','16-087',NULL),(2883,'16-088','16-088',NULL),(2884,'16-089','16-089',NULL),(2885,'16-090','16-090',NULL),(2886,'16-091','16-091',NULL),(2887,'16-092','16-092',NULL),(2888,'16-093','16-093',NULL),(2889,'16-094','16-094',NULL),(2890,'16-095','16-095',NULL),(2891,'16-096','16-096',NULL),(2892,'16-097','16-097',NULL),(2893,'16-098','16-098',NULL),(2894,'16-099','16-099',NULL),(2895,'16-100','16-100',NULL),(2896,'16-101','16-101',NULL),(2897,'16-102','16-102',NULL),(2898,'16-103','16-103',NULL),(2899,'16-104','16-104',NULL),(2900,'16-105','16-105',NULL),(2901,'16-106','16-106',NULL),(2902,'16-107','16-107',NULL),(2903,'16-108','16-108',NULL),(2904,'16-109','16-109',NULL),(2905,'16-110','16-110',NULL),(2906,'16-111','16-111',NULL),(2907,'16-112','16-112',NULL),(2908,'16-113','16-113',NULL),(2909,'16-114','16-114',NULL),(2910,'16-115','16-115',NULL),(2911,'16-116','16-116',NULL),(2912,'16-117','16-117',NULL),(2913,'16-118','16-118',NULL),(2914,'16-119','16-119',NULL),(2915,'16-120','16-120',NULL),(2916,'16-121','16-121',NULL),(2917,'16-201','16-201',NULL),(2918,'16-202','16-202',NULL),(2919,'16-203','16-203',NULL),(2920,'16-204','16-204',NULL),(2921,'16-205','16-205',NULL),(2922,'16-206','16-206',NULL),(2923,'16-207','16-207',NULL),(2924,'16-208','16-208',NULL),(2925,'16-209','16-209',NULL),(2926,'16-210','16-210',NULL),(2927,'16-301','16-301',NULL),(2928,'17-001','17-001',NULL),(2929,'17-002','17-002',NULL),(2930,'17-003','17-003',NULL),(2931,'17-004','17-004',NULL),(2932,'17-005','17-005',NULL),(2933,'17-006','17-006',NULL),(2934,'17-007','17-007',NULL),(2935,'17-008','17-008',NULL),(2936,'17-009','17-009',NULL),(2937,'17-010','17-010',NULL),(2938,'17-011','17-011',NULL),(2939,'17-012','17-012',NULL),(2940,'17-013','17-013',NULL),(2941,'17-014','17-014',NULL),(2942,'17-015','17-015',NULL),(2943,'17-016','17-016',NULL),(2944,'17-017','17-017',NULL),(2945,'17-018','17-018',NULL),(2946,'17-019','17-019',NULL),(2947,'17-020','17-020',NULL),(2948,'17-021','17-021',NULL),(2949,'17-022','17-022',NULL),(2950,'17-023','17-023',NULL),(2951,'17-024','17-024',NULL),(2952,'17-025','17-025',NULL),(2953,'17-026','17-026',NULL),(2954,'17-027','17-027',NULL),(2955,'17-028','17-028',NULL),(2956,'17-029','17-029',NULL),(2957,'17-030','17-030',NULL),(2958,'17-031','17-031',NULL),(2959,'17-032','17-032',NULL),(2960,'17-033','17-033',NULL),(2961,'17-034','17-034',NULL),(2962,'17-035','17-035',NULL),(2963,'17-036','17-036',NULL),(2964,'17-037','17-037',NULL),(2965,'17-038','17-038',NULL),(2966,'17-039','17-039',NULL),(2967,'17-040','17-040',NULL),(2968,'17-041','17-041',NULL),(2969,'17-042','17-042',NULL),(2970,'17-043','17-043',NULL),(2971,'17-044','17-044',NULL),(2972,'17-045','17-045',NULL),(2973,'17-046','17-046',NULL),(2974,'17-047','17-047',NULL),(2975,'17-048','17-048',NULL),(2976,'17-049','17-049',NULL),(2977,'17-050','17-050',NULL),(2978,'17-051','17-051',NULL),(2979,'17-052','17-052',NULL),(2980,'17-053','17-053',NULL),(2981,'17-054','17-054',NULL),(2982,'17-055','17-055',NULL),(2983,'17-056','17-056',NULL),(2984,'17-057','17-057',NULL),(2985,'17-058','17-058',NULL),(2986,'17-059','17-059',NULL),(2987,'17-060','17-060',NULL),(2988,'17-061','17-061',NULL),(2989,'17-062','17-062',NULL),(2990,'17-063','17-063',NULL),(2991,'17-064','17-064',NULL),(2992,'17-065','17-065',NULL),(2993,'17-066','17-066',NULL),(2994,'17-067','17-067',NULL),(2995,'17-068','17-068',NULL),(2996,'17-069','17-069',NULL),(2997,'17-070','17-070',NULL),(2998,'17-071','17-071',NULL),(2999,'17-072','17-072',NULL),(3000,'17-073','17-073',NULL),(3001,'17-074','17-074',NULL),(3002,'17-075','17-075',NULL),(3003,'17-076','17-076',NULL),(3004,'17-077','17-077',NULL),(3005,'17-078','17-078',NULL),(3006,'17-079','17-079',NULL),(3007,'17-080','17-080',NULL),(3008,'17-081','17-081',NULL),(3009,'17-082','17-082',NULL),(3010,'17-083','17-083',NULL),(3011,'17-084','17-084',NULL),(3012,'17-085','17-085',NULL),(3013,'17-086','17-086',NULL),(3014,'17-087','17-087',NULL),(3015,'17-088','17-088',NULL),(3016,'17-089','17-089',NULL),(3017,'17-090','17-090',NULL),(3018,'17-091','17-091',NULL),(3019,'17-092','17-092',NULL),(3020,'17-093','17-093',NULL),(3021,'17-094','17-094',NULL),(3022,'17-095','17-095',NULL),(3023,'17-096','17-096',NULL),(3024,'17-097','17-097',NULL),(3025,'17-098','17-098',NULL),(3026,'17-099','17-099',NULL),(3027,'17-100','17-100',NULL),(3028,'17-101','17-101',NULL),(3029,'17-102','17-102',NULL),(3030,'17-103','17-103',NULL),(3031,'17-104','17-104',NULL),(3032,'17-105','17-105',NULL),(3033,'17-106','17-106',NULL),(3034,'17-107','17-107',NULL),(3035,'17-108','17-108',NULL),(3036,'17-109','17-109',NULL),(3037,'17-110','17-110',NULL),(3038,'17-111','17-111',NULL),(3039,'17-112','17-112',NULL),(3040,'17-113','17-113',NULL),(3041,'17-114','17-114',NULL),(3042,'17-115','17-115',NULL),(3043,'17-116','17-116',NULL),(3044,'17-117','17-117',NULL),(3045,'17-118','17-118',NULL),(3046,'17-119','17-119',NULL),(3047,'17-201','17-201',NULL),(3048,'17-202','17-202',NULL),(3049,'17-203','17-203',NULL),(3050,'17-204','17-204',NULL),(3051,'17-205','17-205',NULL),(3052,'17-206','17-206',NULL),(3053,'17-207','17-207',NULL),(3054,'17-208','17-208',NULL),(3055,'17-209','17-209',NULL),(3056,'17-210','17-210',NULL),(3057,'17-211','17-211',NULL),(3058,'17-212','17-212',NULL),(3059,'17-213','17-213',NULL),(3060,'17-214','17-214',NULL),(3061,'18-001','18-001',NULL),(3062,'18-002','18-002',NULL),(3063,'18-003','18-003',NULL),(3064,'18-004','18-004',NULL),(3065,'18-005','18-005',NULL),(3066,'18-006','18-006',NULL),(3067,'18-007','18-007',NULL),(3068,'18-008','18-008',NULL),(3069,'18-009','18-009',NULL),(3070,'18-010','18-010',NULL),(3071,'18-011','18-011',NULL),(3072,'18-012','18-012',NULL),(3073,'18-013','18-013',NULL),(3074,'18-014','18-014',NULL),(3075,'18-015','18-015',NULL),(3076,'18-016','18-016',NULL),(3077,'18-017','18-017',NULL),(3078,'18-018','18-018',NULL),(3079,'18-019','18-019',NULL),(3080,'18-020','18-020',NULL),(3081,'18-021','18-021',NULL),(3082,'18-022','18-022',NULL),(3083,'18-023','18-023',NULL),(3084,'18-024','18-024',NULL),(3085,'18-025','18-025',NULL),(3086,'18-026','18-026',NULL),(3087,'18-027','18-027',NULL),(3088,'18-028','18-028',NULL),(3089,'18-029','18-029',NULL),(3090,'18-030','18-030',NULL),(3091,'18-031','18-031',NULL),(3092,'18-032','18-032',NULL),(3093,'18-033','18-033',NULL),(3094,'18-034','18-034',NULL),(3095,'18-035','18-035',NULL),(3096,'18-036','18-036',NULL),(3097,'18-037','18-037',NULL),(3098,'18-038','18-038',NULL),(3099,'18-039','18-039',NULL),(3100,'18-040','18-040',NULL),(3101,'18-041','18-041',NULL),(3102,'18-042','18-042',NULL),(3103,'18-043','18-043',NULL),(3104,'18-044','18-044',NULL),(3105,'18-045','18-045',NULL),(3106,'18-046','18-046',NULL),(3107,'18-047','18-047',NULL),(3108,'18-048','18-048',NULL),(3109,'18-049','18-049',NULL),(3110,'18-050','18-050',NULL),(3111,'18-051','18-051',NULL),(3112,'18-052','18-052',NULL),(3113,'18-053','18-053',NULL),(3114,'18-054','18-054',NULL),(3115,'18-055','18-055',NULL),(3116,'18-056','18-056',NULL),(3117,'18-057','18-057',NULL),(3118,'18-058','18-058',NULL),(3119,'18-059','18-059',NULL),(3120,'18-060','18-060',NULL),(3121,'18-061','18-061',NULL),(3122,'18-062','18-062',NULL),(3123,'18-063','18-063',NULL),(3124,'18-064','18-064',NULL),(3125,'18-065','18-065',NULL),(3126,'18-066','18-066',NULL),(3127,'18-067','18-067',NULL),(3128,'18-068','18-068',NULL),(3129,'18-069','18-069',NULL),(3130,'18-070','18-070',NULL),(3131,'18-071','18-071',NULL),(3132,'18-072','18-072',NULL),(3133,'18-073','18-073',NULL),(3134,'18-074','18-074',NULL),(3135,'18-075','18-075',NULL),(3136,'18-076','18-076',NULL),(3137,'18-077','18-077',NULL),(3138,'18-078','18-078',NULL),(3139,'18-079','18-079',NULL),(3140,'18-080','18-080',NULL),(3141,'18-081','18-081',NULL),(3142,'18-082','18-082',NULL),(3143,'18-083','18-083',NULL),(3144,'18-084','18-084',NULL),(3145,'18-085','18-085',NULL),(3146,'18-086','18-086',NULL),(3147,'18-087','18-087',NULL),(3148,'18-088','18-088',NULL),(3149,'18-089','18-089',NULL),(3150,'18-090','18-090',NULL),(3151,'18-091','18-091',NULL),(3152,'18-092','18-092',NULL),(3153,'18-093','18-093',NULL),(3154,'18-094','18-094',NULL),(3155,'18-095','18-095',NULL),(3156,'18-096','18-096',NULL),(3157,'18-097','18-097',NULL),(3158,'18-098','18-098',NULL),(3159,'18-099','18-099',NULL),(3160,'18-100','18-100',NULL),(3161,'18-101','18-101',NULL),(3162,'18-102','18-102',NULL),(3163,'18-103','18-103',NULL),(3164,'18-104','18-104',NULL),(3165,'18-105','18-105',NULL),(3166,'18-106','18-106',NULL),(3167,'18-107','18-107',NULL),(3168,'18-108','18-108',NULL),(3169,'18-109','18-109',NULL),(3170,'18-110','18-110',NULL),(3171,'18-111','18-111',NULL),(3172,'18-112','18-112',NULL),(3173,'18-113','18-113',NULL),(3174,'18-114','18-114',NULL),(3175,'18-115','18-115',NULL),(3176,'18-116','18-116',NULL),(3177,'18-117','18-117',NULL),(3178,'18-118','18-118',NULL),(3179,'18-119','18-119',NULL),(3180,'18-120','18-120',NULL),(3181,'18-201','18-201',NULL),(3182,'18-202','18-202',NULL),(3183,'18-203','18-203',NULL),(3184,'18-204','18-204',NULL),(3185,'18-205','18-205',NULL),(3186,'18-206','18-206',NULL),(3187,'18-207','18-207',NULL),(3188,'18-208','18-208',NULL),(3189,'18-209','18-209',NULL),(3190,'18-210','18-210',NULL),(3191,'18-211','18-211',NULL),(3192,'18-213','18-213',NULL),(3193,'18-215','18-215',NULL),(3194,'18-216','18-216',NULL);
/*!40000 ALTER TABLE `account_table` ENABLE KEYS */;
UNLOCK TABLES;

--
-- Table structure for table `advisor_table`
--

DROP TABLE IF EXISTS `advisor_table`;
/*!40101 SET @saved_cs_client     = @@character_set_client */;
/*!40101 SET character_set_client = utf8 */;
CREATE TABLE `advisor_table` (
  `advisor_id` int(11) NOT NULL AUTO_INCREMENT,
  `name` char(30) DEFAULT NULL,
  `institute` tinytext,
  `email` char(100) DEFAULT NULL,
  PRIMARY KEY (`advisor_id`)
) ENGINE=InnoDB AUTO_INCREMENT=85 DEFAULT CHARSET=utf8;
/*!40101 SET character_set_client = @saved_cs_client */;

--
-- Dumping data for table `advisor_table`
--

LOCK TABLES `advisor_table` WRITE;
/*!40000 ALTER TABLE `advisor_table` DISABLE KEYS */;
INSERT INTO `advisor_table` VALUES (64,'','',''),(66,'김경수','KAIST MSC Lab.','kyungsookim@kaist.ac.kr'),(68,'백대현','부산교육대학교','paek@bune.ac.kr'),(70,'윤상현','KAIST 부설 한국과학영재학교','slater1125@kaist.ac.kr'),(71,'김준모','KAIST','junmo.kim@kaist.ac.kr'),(72,'조성진','부경대학교','sjcho@pknu.ac.kr'),(73,'권민정','부경대학교','mjblack02@pknu.ac.kr'),(74,'김형석','동의대학교','hskim@deu.ac.kr'),(75,'김용주','KAIST 부설 한국과학영재학교','kyjgifted@kaist.ac.kr'),(76,'김훈','KAIST 부설 한국과학영재학교','HunKim@kaist.ac.kr'),(77,'이승익','KAIST 부설 한국과학영재학교','maick@hanmail.net'),(78,'김호숙','KAIST 부설 한국과학영재학교','khosook@kaist.ac.kr'),(79,'이진희','KAIST 부설 한국과학영재학교','jhyi100@kaist.ac.kr'),(80,'전영철','KAIST 부설 한국과학영재학교','ycjeon@kaist.ac.kr'),(81,'고인정','KAIST 부설 한국과학영재학교','koin2@kaist.ac.kr'),(82,'오정일','부산대학교','joh@pusan.ac.kr'),(83,'최은영','KAIST 부설 한국과학영재학교','faujasite@kaist.ac.kr'),(84,'권오필','아주대학교','opilkwon@ajou.ac.kr');
/*!40000 ALTER TABLE `advisor_table` ENABLE KEYS */;
UNLOCK TABLES;

--
-- Table structure for table `keyword_table`
--

DROP TABLE IF EXISTS `keyword_table`;
/*!40101 SET @saved_cs_client     = @@character_set_client */;
/*!40101 SET character_set_client = utf8 */;
CREATE TABLE `keyword_table` (
  `keyword_id` int(11) NOT NULL AUTO_INCREMENT,
  `keyword` char(100) DEFAULT NULL,
  PRIMARY KEY (`keyword_id`)
) ENGINE=InnoDB AUTO_INCREMENT=3051 DEFAULT CHARSET=utf8;
/*!40101 SET character_set_client = @saved_cs_client */;

--
-- Dumping data for table `keyword_table`
--

LOCK TABLES `keyword_table` WRITE;
/*!40000 ALTER TABLE `keyword_table` DISABLE KEYS */;
INSERT INTO `keyword_table` VALUES (2886,'활동'),(2888,'자료'),(2890,'키워드'),(2891,'검색'),(2892,'구성'),(2903,'인식'),(2905,'입력기기'),(2906,'손'),(2907,'모듈'),(2908,'IMU'),(2909,'센서'),(2910,'손모양'),(2911,'입력'),(2912,'경우'),(2925,''),(2926,'can'),(2927,'function'),(2928,'transformation'),(2929,'Riemannsphere'),(2930,'sincos'),(2933,'행렬'),(2934,'데이터'),(2935,'추천시스템'),(2936,'SVD'),(2937,'LeastSquareMethod'),(2938,'데이터의행렬화'),(2939,'matrix'),(2945,'증명'),(2946,'가능'),(2947,'부인'),(2948,'영지식'),(2949,'부인가능성(deniability)'),(2950,'영지식증명(zero-knowledgeproof)'),(2951,'프로토콜'),(2968,'수열'),(2969,'생성'),(2970,'영상암호화'),(2971,'암호키'),(2972,'수열생성기'),(2973,'1차원CA'),(2974,'유한체'),(2975,'다항식'),(2976,'이미지'),(2977,'주기'),(2985,'쿼터니언'),(2986,'추천시스템대한'),(2988,'대한'),(2989,'평면'),(2990,'알고리즘'),(2998,'매듭'),(3000,'가상'),(3001,'가상화'),(3002,'엇갈림변환'),(3003,'풀림매듭열'),(3004,'풀림수'),(3005,'가상토러스매듭'),(3006,'변환'),(3007,'엇갈림'),(3016,'발현'),(3017,'ferricuptake'),(3018,'cAMPreceptorprotein'),(3019,'ahpCgene'),(3020,'Mycobacteriumsmegmatis'),(3021,'ahpC'),(3028,'MOF'),(3029,'분자접착제'),(3030,'배위고분자'),(3031,'구조변형'),(3032,'필름형성'),(3033,'금속유기골조'),(3034,'film'),(3043,'표면법선벡터'),(3044,'KINECT'),(3045,'배위고분자구조변화새로운'),(3046,'molecularglue'),(3047,'Metal'),(3048,'wildtype'),(3049,'전사조절자'),(3050,'Crp');
/*!40000 ALTER TABLE `keyword_table` ENABLE KEYS */;
UNLOCK TABLES;

--
-- Table structure for table `research_keyword_table`
--

DROP TABLE IF EXISTS `research_keyword_table`;
/*!40101 SET @saved_cs_client     = @@character_set_client */;
/*!40101 SET character_set_client = utf8 */;
CREATE TABLE `research_keyword_table` (
  `research_id` int(11) DEFAULT NULL,
  `keyword_id` int(11) DEFAULT NULL,
  `keyword_weight` int(11) NOT NULL
) ENGINE=InnoDB DEFAULT CHARSET=utf8;
/*!40101 SET character_set_client = @saved_cs_client */;

--
-- Dumping data for table `research_keyword_table`
--

LOCK TABLES `research_keyword_table` WRITE;
/*!40000 ALTER TABLE `research_keyword_table` DISABLE KEYS */;
INSERT INTO `research_keyword_table` VALUES (334,2998,7912),(334,3000,4528),(334,3001,2000),(334,3002,2000),(334,3003,2000),(334,3004,2000),(334,3005,2000),(334,3006,1051),(334,3007,934),(341,3028,12080),(341,3030,2000),(341,3031,2000),(341,3032,2000),(341,3029,2000),(341,3033,2000),(341,3034,1328),(341,3045,866),(341,3046,784),(341,3047,693),(340,3016,11995),(340,3021,2520),(340,3017,2500),(340,3018,2500),(340,3019,2500),(340,3020,2500),(340,3048,1274),(340,3049,1268),(340,3050,1225),(333,2989,7990),(333,2990,7723),(333,2903,6548),(333,3043,1202),(333,3044,1068),(325,2968,7532),(325,2969,5887),(325,2970,2000),(325,2971,2000),(325,2972,2000),(325,2973,2000),(325,2974,2000),(325,2975,1406),(325,2976,909),(325,2977,692),(324,2945,3368),(324,2925,3333),(324,2949,3333),(324,2950,3333),(324,2951,3238),(324,2946,3238),(324,2947,3238),(324,2948,3173),(324,2988,847),(323,2933,6610),(323,2934,6252),(323,2936,2500),(323,2937,2500),(323,2938,2500),(323,2935,2500),(323,2939,1222),(323,2986,1189),(323,2912,1013),(307,2886,16178),(307,2888,1767),(307,2890,1178),(307,2892,1030),(307,2891,1030),(318,2903,10850),(318,2905,2500),(318,2906,2500),(318,2907,2500),(318,2908,2500),(318,2909,1730),(318,2985,1012),(318,2910,925),(318,2911,704),(322,2925,11666),(322,2926,3499),(322,2927,2969),(322,2928,2806),(322,2929,2795),(322,2930,2687);
/*!40000 ALTER TABLE `research_keyword_table` ENABLE KEYS */;
UNLOCK TABLES;

--
-- Table structure for table `research_table`
--

DROP TABLE IF EXISTS `research_table`;
/*!40101 SET @saved_cs_client     = @@character_set_client */;
/*!40101 SET character_set_client = utf8 */;
CREATE TABLE `research_table` (
  `research_id` int(11) NOT NULL AUTO_INCREMENT,
  `title` tinytext,
  `subject` tinytext,
  `year` int(11) DEFAULT NULL,
  `type` tinytext,
  `abstract` text,
  `researcher` text,
  `advisor1_id` int(11) DEFAULT NULL,
  `advisor2_id` int(11) DEFAULT NULL,
  `filePath` tinytext,
  `extraFiles` text,
  `hidden` varchar(3) DEFAULT NULL,
  PRIMARY KEY (`research_id`)
) ENGINE=InnoDB AUTO_INCREMENT=361 DEFAULT CHARSET=utf8;
/*!40101 SET character_set_client = @saved_cs_client */;

--
-- Dumping data for table `research_table`
--

LOCK TABLES `research_table` WRITE;
/*!40000 ALTER TABLE `research_table` DISABLE KEYS */;
INSERT INTO `research_table` VALUES (307,'KSAReD: KSA 학생들의 연구 활동 데이터베이스 구현','Information Science',2018,'Graduation Research','KSA에서는 매년  R&E와 졸업 연구를 통해 약 200여건의 연구 활동이 이루어진다. 현재 R&E 아카이브에는 2007년부터 진행된 R&E 최종보고서들이 연도와 분야별로 업로드 되어 있으며 졸업연구 보고서를 포함하면 대략 2000건이 넘는 연구 활동들에 대한 자료들이 있다. 현재 이 자료들은 R&E의 경우 연도와 분야 이외에는 별다른 분류가 없으며 아카이브의 존재를 아는 사람도 매우 적고, 졸업연구는 분류도 되어있지 않을뿐더러 쉽게 접근할 수 없어 자료로의 실효성이 매우 떨어지는 상태이다. 이에 이러한 연구 자료들을 분야, 연도, 종류를 기준으로 직관적인 형태로 분류하여 조건부 검색이 가능하게 하였고 논문별 키워드를 생성하여 지도교원, 키워드, 제목 등 다양한 요소에 대한 검색 기능을 추가하였다. 기존 자료들의 정리뿐만 아니라 접근성을 키운 것이 특징이며, 데이터베이스로 구현하여 향후 새로운 연구를 진행할 때 참고 자료로 쉽게 활용 할 수 있도록 하고자 함이 본 연구의 목적이다.','16-077 이원준 (wjl0316@naver.com)',78,64,'/home/joon/바탕화면/server_study/uploads/180912173637/16-077 이원준 중간보고서.pdf',',/home/joon/바탕화면/server_study/uploads/180910015501/16-077_이원준_졸업연구_포스터.pdf,/home/joon/바탕화면/server_study/uploads/180910015501/전체 시스템 구성도.png','no'),(318,'IMU를 활용한 모듈형 손 모양 인식 장치 개발','Engineering',2017,'RnE','본 연구는 IMU를 활용한 모듈형 손 모양 입력 장치의 개발을 목적으로 한다. 현재 3차원 공간을 제어하는 VR 등의 기술이 발달하였으나 입력 장치의 개발이 부족하여 이 기술들을 잘 활용하지 못한 다. 이에 본 연구를 통해 손 모양을 인식하는 입력 장치를 개발하고자 한다. 장치는 손 모양을 인식, 해당 데이터를 전송하는 인식 기기와 데이터를 수신하여 손 모양을 시각화하는 소프트웨어로 구성된다. 인식 기기는 반지형 클립 모듈들로 제작하여, 착용 시 이질감과 사용자 간 개인차를 줄여 편리성을 늘렸다. 또한 IMU를 최소 개수로 효율적으로 배치하고 실제 회전각을 측정하여 정확도가 높다. 각 모듈을 경우에 따라 일부만 사용할 수 있게 하고, 인식할 특정 손 모양을 등록할 수 있게 하여 활용성과 범용성을 보장하였다.','16-077 이원준 (wjl0316@naver.com); 16-060 원선재 (dadaps0@naver.com); 16-083 이진원 (jinwonlee0310@naver.com)',66,64,'/home/joon/바탕화면/server_study/uploads/180913211637/공학02(김경수) 최종보고서.pdf',',/home/joon/바탕화면/server_study/uploads/180913211708/공학02(김경수) 구두발표 자료.pptx,/home/joon/바탕화면/server_study/uploads/180913211637/공학02(김경수)_포스터.pdf','no'),(322,'q-급수와 모듈러 형식','Math',2017,'RnE','정수론 분야에서 Ramanujan의 업적은 대부분은 q-series와 theta 함수에서 나타났습니다. 그러나 Ramanujan은 자신이 발견한 수학적 결과를 노트북에 증명 없이 기록하였습니다. 따 라서 많은 정수론 학자들은 Ramanujan이 기록한 결과를 증명하는데 관심이 있었습니다. 본 연구에서는 Ramanujan의 노트에 기록된 23개의 theta function identities와 유사한 특정 유형 의 모듈 방정식에 대해 연구를 하였습니다. 그들 중 일부는 모듈 형태로 증명되었습니다. 우리는 새로운 모듈 방정식을 발견하고 발견 과정을 일반화했습니다. 간단한 대수 계산을 사용하여 새롭게 발견한 모듈 방정식을 증명하였습니다. 또한 투영 점으로 원뿔 곡선에서 the reverse function과 the reverse invariant을 정의하고 투영 점이 있는 두 원뿔 곡선의 등가성에 대해 연구하였습니다.','16-108 최영석 (photon235@naver.com); 16-040 박정우 (pjw3141@naver.com); 16-038 박상현 (shp0728@gmail.com)',79,68,'/home/joon/바탕화면/server_study/uploads/180919171048/q-급수와 모듈러 형식.pdf','','no'),(323,'데이터의 행렬화를 이용한 효율적인 추천 시스템에 대한 연구','Math',2017,'RnE','','16-034 류수현 (danny906@naver.com); 16-042 박지호 (hy7720@naver.com); 16-095 정세화 (newton0512@naver.com)',80,64,'/home/joon/바탕화면/server_study/uploads/180919172622/데이터의 행렬화를 이용한 효율적인 추천 시스템에 대한 연구.pdf','','no'),(324,'부인가능한 영지식 증명 프로토콜에 대한 연구','Information Science',2017,'RnE','영지식 증명(zero-knowledge proof)은 명제의 증명에 대한 정보를 노출하지 않으면서 진위여부만을 입증할 수 있게 하는 증명자(prover)와 검증자(verifier)간의 대화형 계산 절차로 여러 암호 프로토콜에서 사용된다. 협박자(coercer)가 존재하는 암호학적 상황에 대처하기 위해 공개키 암호체계를 위한 부인가능성(deniability)이 도입되었는데, 본 연구에서는 영지식 증명 프로토콜을 확장하여 부인가능성을 가지도록 하는 것을 목표로 한다. 이를 위해 부인가능한 영지식 증명 프로토콜을 정형화하고, 이 정의를 만족하는 프로토콜을 strongly NP-hard인 3-분할 문제에 기반하여 구성한다. 제안하는 프로토콜의 정확성을 보이기 위해 완전성 (completeness), 건전성(soundness), 영지식성(zero-knowledgeness), 부인가능성(deniability) 을 엄밀하게 증명하며, 계산복잡도 분석 및 실험을 통해 실제로 사용될 수 있을 정도의 효율성을 가졌음을 보인다.\r\n','16-010 김기환 (jerry010222@naver.com); 16-045 박홍근 (mathdol6716@naver.com); 16-080 이종서 (leejseo@live.co.kr); 15-090 정민석 (chrisgo@naver.com)',70,71,'/home/joon/바탕화면/server_study/uploads/180919173723/부인가능한 영지식 증명 프로토콜에 대한 연구.pdf','','no'),(325,'유한체 위에서의 수열 생성과 영상 암호화','Math',2017,'RnE','우리는 인류 역사상 그 어느 때보다도 정보의 보안성이 철저해야하는 시대에 살고 있다. 이메일과 SNS는 우리들의 정체성을 대변하여 현금은 전자신호로 바뀌어 사람들 사이에서 거래가 가능한 이유는 중요한 정보들을 어느 개인의 정보를 도용하지 못하게 만들었기 때문이다. 그러나 정보과학의 기술이 발전하기에 필연적으로 암호 역시 발전해 나가야 한다. 현재 CA를 이용한 암호는 선형점화식을 바탕으로 충분히 긴 키수열로 문장 혹은 이미지를 암호화 한다. 그러나 이 방식은 단순히 반복되는 수열로 암호문을 만들면 그 수열의 주기의 2배가 되는 비트의 정보만 가지고도 암호가 풀려버린다는 문제점이 있다. 이러한 단점을 개선한 키수열이 바로 수축수열이다. 우리는 수축수열 생성함수로 생성한 비선형적 수열을 이용한 영상암호체계를 설계하고자 한다.\r\n','16-092 장유준 (happycattony0329@gmail.com); 16-201 Binbing Xie (xiebinbing897@163.com); 16-205 Zhang Hui (Huzhang9876@163.com)',72,73,'/home/joon/바탕화면/server_study/uploads/180919174528/유한체 위에서의 수열 생성과 영상 암호화.pdf','','no'),(333,'키넥트 카메라를 이용한 평면인식 알고리즘 개발','Information Science',2017,'RnE','IOT의 여러 분야 중, 물체 추적의 기본이 되는 것은 물체를 배경에서 분리하는 것, 즉 배경을 따로 인식하는 것이다. 대부분의 경우, 배경은 벽 혹은 바닥 등의 평면이므로, 3D 카메라를 통한 평면 인식은 물체 인식 및 추적에 있어서 기본이 된다고 할 수 있다. 이 연구에서는 가격이 비싼 장비가 아닌, 비교적 저렴한 키넥트 카메라를 이용해서 평면을 인식하는 알고리즘을 개발하여, 보다 저렴한 장비로 많은 사람들에게 IOT를 사용하게 할 수 있는 계기를 제공해주고자 한다. 이 연구에서는 여러 가지 개발환경 및 방법으로 평면 인식 알고리즘의 구현을 시도해서, 그 중 가장 결과가 좋았던 것을 소개하고자 한다.','16-065 윤요한 (yohanme@naver.net); 16-081 이종현 (jonghyun777@gmail.com); 16-084 이진형 (wlsguddl2001@naver.com)',74,75,'/home/joon/바탕화면/server_study/uploads/180919181137/키넥트 카메라를 이용한 평면인식 알고리즘 개발.pdf','','no'),(334,'특정 가상 고리 매듭의 풀림 매듭열과 풀림수에 대한 탐구','Math',2017,'RnE','','16-072 이수보 (suboo00@naver.com); 16-112 피진욱 (jwpee@naver.com); 16-119 허준영 (joeheomail@naver.com)',76,77,'/home/joon/바탕화면/server_study/uploads/180919182017/특정 가상 고리 매듭의 풀림 매듭열과 풀림수에 대한 탐구.pdf','','no'),(340,'세균에서 전사조절자에 의한 유전자 발현 조절에 대한 연구','Biology',2017,'RnE','전사조절자인 Crp와 FurA는 M. smegmatis 에서 ahpC 오페론의 발현을 조절한다. 본 연구 에서는 두 reporter gene(lacZ와 gfp) 및 reverse-transcription PCR을 사용하여, ahpC의 발현이 FurA 및 Crp에 의해 조절되는지 조사하였다. 우리는 wild-type (WT)과 세 furA 유전자나 crp 유전자를 비활성화 시킨 mutant strains (Δf1f2f3와 Δcrp)의 ahpC 유전자 발현을 각각 비교하였다. M. smegmatis 의 WT, Δf1f2f3와 ΔCrp strains를 10 mM cumene hydroperoxide (CHP)에 1시간 처리하여 유전자 발현을 강하게 만들었다. 결과적으로 FurA와 Crp가 ahpC 발현에 각각 activator과 repressor의 역할을 한다는 것을 알아내었다. 본 연구를 통하여 원핵생물에서 전자조절자의 기능을 밝히기 위해 접근하는 방법을 배울 수 있었다.','16-004 강지유 (jeeyoolucy@naver.com); 16-024 김용태 (yt7481@naver.com); 16-033 노유진 (lime1001@naver.com)',81,82,'/home/joon/바탕화면/server_study/uploads/180919183245/세균에서 전사조절자에 의한 유전자 발현 조절에 대한 연구.pdf','','no'),(341,'배위 고분자의 구조 변화를 이용한 새로운 MOF 분자 접착제 ','Chemistry',2017,'RnE','금속 유기 골조(MOF)는 높은 표면적과 흡착력을 가진 미세 다공성 물질이다. 최근에는 MOF의 응용 범위를 넓히기 위해 균일하고 얇은 MOF 필름을 합성하는 것이 중요한 과제로 떠오르고 있다. 하지만, 이전의 MOF 필름 제조 방법은 고가의 기판을 필요로 하며, 미리 합성된 MOF를 혼입할 수 없다는 어려움에 직면해 왔다. 이 연구에서는 새로운 분자 접착제를 보고한다. 분자 접착제는 1D 배위 고분자에서 3D 골조로 변형되어 고체로 변한다. 또한, 이 접착제의 카복실 작용기는 미리 합성 된 MOF가 골조에 결합하도록 한다. 따라서 분자 접착제에 미리 합성 된 MOF를 넣으면 균일하고 얇은 MOF 필름이 제조된다. 분자 접착제를 사용하는 이 용이하고 새로운 MOF 필름 형성 방법은 기존의 MOF 필름 형성 방법과 달리 (1) 기판의 종류에 상관이 없으며 (2) 미리 합성 된 MOF를 포함한 필름을 형성할 때 탁월하다. ','16-094 정석우 (sukwoo1218@naver.com); 16-029 김한결 (khk070623@naver.com); 16-056 안준석 (wnstjr520@naver.com)',83,84,'/home/joon/바탕화면/server_study/uploads/180919184235/배위 고분자의 구조 변화를 이용한 새로운 MOF 분자 접착제.pdf','','no');
/*!40000 ALTER TABLE `research_table` ENABLE KEYS */;
UNLOCK TABLES;
/*!40103 SET TIME_ZONE=@OLD_TIME_ZONE */;

/*!40101 SET SQL_MODE=@OLD_SQL_MODE */;
/*!40014 SET FOREIGN_KEY_CHECKS=@OLD_FOREIGN_KEY_CHECKS */;
/*!40014 SET UNIQUE_CHECKS=@OLD_UNIQUE_CHECKS */;
/*!40101 SET CHARACTER_SET_CLIENT=@OLD_CHARACTER_SET_CLIENT */;
/*!40101 SET CHARACTER_SET_RESULTS=@OLD_CHARACTER_SET_RESULTS */;
/*!40101 SET COLLATION_CONNECTION=@OLD_COLLATION_CONNECTION */;
/*!40111 SET SQL_NOTES=@OLD_SQL_NOTES */;

-- Dump completed on 2018-09-24 22:48:45
